cooperative,vendor,description,start_date,end_date,contract_number,verified,notes
sourcewell,Tyler Technologies,Public safety software including records management and CAD,,,,no,VERIFY on sourcewell-mn.gov contract search
sourcewell,Motorola Solutions,Public safety communications and software,,,,no,VERIFY on sourcewell-mn.gov contract search
sourcewell,CentralSquare Technologies,Public safety and administrative software,,,,no,VERIFY on sourcewell-mn.gov contract search
sourcewell,Axon,Body cameras digital evidence and records,,,,no,VERIFY on sourcewell-mn.gov contract search
naspo,Motorola Solutions,Public safety communications ValuePoint master agreement,,,,no,VERIFY on naspovaluepoint.org
omnia,Tyler Technologies,Enterprise and public safety software,,,,no,VERIFY on omniapartners.com
buyboard,Tyler Technologies,Public safety software for Texas agencies,,,,no,VERIFY on buyboard.com
hgacbuy,Motorola Solutions,Public safety software and radio,,,,no,VERIFY on hgacbuy.com
tips,CentralSquare Technologies,Public safety software,,,,no,VERIFY on tips-usa.com
