priority,stage,agency_name,state,incumbent,systems,annual_value,expires,pitch_open,pitch_by_budget_deadline,action,sources,rationale
82.0,expired,LOUISVILLE-JEFFERSON COUNTY METRO GOVERNMENT,KY,UNAWARDED (grant-funded),Mobile / Field Reporting,398955,2021-09-30,2020-06-30,2021-02-01,Contract expired Sep 2021 with no newer record found. Likely extended or auto-renewed — confirm current status; an agency operating on an extension is unusually reachable.,usaspending,"3 contracts with UNAWARDED (grant-funded) at this agency (Mobile / Field Reporting) — likely one suite decision. | Replacement must be funded in FY2022 (fiscal year starts July); department budget requests are due around Feb 2021. | Mobile / Field Reporting: typical 48-month term, stickiness 3/5, needs ~15 months lead. | Past expiration with no successor contract in the data."
81.0,late,Departmental Offices,DC,SIMPLE TECHNOLOGY SOLUTIONS INC.,Records Management System,12467803,2026-10-31,2024-10-31,2026-02-01,Expires Oct 2026; incumbent has likely renewed. Position for the following cycle and ask about extension terms.,usaspending,"3 contracts with SIMPLE TECHNOLOGY SOLUTIONS INC. at this agency (Records Management System) — likely one suite decision. | Replacement must be funded in FY2027 (fiscal year starts July); department budget requests are due around Feb 2026. | Records Management System: typical 84-month term, stickiness 5/5, needs ~24 months lead."
77.0,pitch_now,Office of the Chief Financial Officer,PA,"FEITH SYSTEMS & SOFTWARE, INC",Records Management System,5635500,2027-09-25,2025-09-25,2027-02-01,Pitch now. You have until roughly Feb 2027 to be written into the FY2028 budget request.,usaspending,"Replacement must be funded in FY2028 (fiscal year starts July); department budget requests are due around Feb 2027. | Records Management System: typical 84-month term, stickiness 5/5, needs ~24 months lead."
74.0,late,"ST. LOUIS COUNTY, MISSOURI",MO,UNAWARDED (grant-funded),Mobile / Field Reporting,76649,2026-09-30,2025-06-30,2026-02-01,Expires Sep 2026; incumbent has likely renewed. Position for the following cycle and ask about extension terms.,usaspending,"2 contracts with UNAWARDED (grant-funded) at this agency (Mobile / Field Reporting) — likely one suite decision. | Replacement must be funded in FY2027 (fiscal year starts July); department budget requests are due around Feb 2026. | Mobile / Field Reporting: typical 48-month term, stickiness 3/5, needs ~15 months lead."
73.4,pitch_now,COUNTY OF CUMBERLAND,NC,UNAWARDED (grant-funded),Mobile / Field Reporting,52283,2027-09-30,2026-06-30,2027-02-01,Pitch now. You have until roughly Feb 2027 to be written into the FY2028 budget request.,usaspending,"Replacement must be funded in FY2028 (fiscal year starts July); department budget requests are due around Feb 2027. | Mobile / Field Reporting: typical 48-month term, stickiness 3/5, needs ~15 months lead."
71.9,expired,COUNTY OF ROBESON,NC,UNAWARDED (grant-funded),Mobile / Field Reporting,29899,2024-09-30,2023-06-30,2024-02-01,Contract expired Sep 2024 with no newer record found. Likely extended or auto-renewed — confirm current status; an agency operating on an extension is unusually reachable.,usaspending,"2 contracts with UNAWARDED (grant-funded) at this agency (Mobile / Field Reporting) — likely one suite decision. | Replacement must be funded in FY2025 (fiscal year starts July); department budget requests are due around Feb 2024. | Mobile / Field Reporting: typical 48-month term, stickiness 3/5, needs ~15 months lead. | Past expiration with no successor contract in the data."
70.0,pitch_now,PUEBLO OF ZIA,NM,UNAWARDED (grant-funded),Computer-Aided Dispatch,182997,2027-09-30,2025-09-30,2027-02-01,Pitch now. You have until roughly Feb 2027 to be written into the FY2028 budget request.,usaspending,"Replacement must be funded in FY2028 (fiscal year starts July); department budget requests are due around Feb 2027. | Computer-Aided Dispatch: typical 84-month term, stickiness 5/5, needs ~24 months lead."
69.3,pitch_now,Department of the Air Force,OH,Tyler Technologies,Computer-Aided Dispatch,112606,2027-07-31,2025-07-31,2027-02-01,Pitch now. You have until roughly Feb 2027 to be written into the FY2028 budget request.,usaspending,"Replacement must be funded in FY2028 (fiscal year starts July); department budget requests are due around Feb 2027. | Computer-Aided Dispatch: typical 84-month term, stickiness 5/5, needs ~24 months lead."
69.3,late,CITY OF TACOMA WASHINGTON,WA,UNAWARDED (grant-funded),Records Management System,178222,2026-09-30,2024-09-30,2026-02-01,Expires Sep 2026; incumbent has likely renewed. Position for the following cycle and ask about extension terms.,usaspending,"2 contracts with UNAWARDED (grant-funded) at this agency (Records Management System) — likely one suite decision. | Replacement must be funded in FY2027 (fiscal year starts July); department budget requests are due around Feb 2026. | Records Management System: typical 84-month term, stickiness 5/5, needs ~24 months lead."
67.9,pitch_now,TUTTLE POLICE DEPARTMENT,OK,UNAWARDED (grant-funded),Computer-Aided Dispatch,102567,2027-09-30,2025-09-30,2027-02-01,Pitch now. You have until roughly Feb 2027 to be written into the FY2028 budget request.,usaspending,"Replacement must be funded in FY2028 (fiscal year starts July); department budget requests are due around Feb 2027. | Computer-Aided Dispatch: typical 84-month term, stickiness 5/5, needs ~24 months lead."
65.1,pitch_now,PROVIDENCE POLICE DEPARTMENT,RI,UNAWARDED (grant-funded),Records Management System,46918,2027-09-30,2025-09-30,2027-02-01,Pitch now. You have until roughly Feb 2027 to be written into the FY2028 budget request.,usaspending,"Replacement must be funded in FY2028 (fiscal year starts July); department budget requests are due around Feb 2027. | Records Management System: typical 84-month term, stickiness 5/5, needs ~24 months lead."
64.6,pitch_now,National Park Service,AZ,COMPUTER INFORMATION SYSTEMS INC,Computer-Aided Dispatch,32220,2027-08-31,2025-08-31,2027-02-01,Pitch now. You have until roughly Feb 2027 to be written into the FY2028 budget request.,usaspending,"Replacement must be funded in FY2028 (fiscal year starts July); department budget requests are due around Feb 2027. | Computer-Aided Dispatch: typical 84-month term, stickiness 5/5, needs ~24 months lead."
63.6,expired,RIO METRO REGIONAL TRANSIT DISTRICT,NM,UNAWARDED (grant-funded),Computer-Aided Dispatch,48894,2026-06-18,2024-06-18,2025-02-01,Contract expired Jun 2026 with no newer record found. Likely extended or auto-renewed — confirm current status; an agency operating on an extension is unusually reachable.,usaspending,"2 contracts with UNAWARDED (grant-funded) at this agency (Computer-Aided Dispatch) — likely one suite decision. | Replacement must be funded in FY2026 (fiscal year starts July); department budget requests are due around Feb 2025. | Computer-Aided Dispatch: typical 84-month term, stickiness 5/5, needs ~24 months lead. | Past expiration with no successor contract in the data."
62.2,late,CITY OF SCRANTON,PA,UNAWARDED (grant-funded),Records Management System,36152,2026-09-30,2024-09-30,2026-02-01,Expires Sep 2026; incumbent has likely renewed. Position for the following cycle and ask about extension terms.,usaspending,"2 contracts with UNAWARDED (grant-funded) at this agency (Records Management System) — likely one suite decision. | Replacement must be funded in FY2027 (fiscal year starts July); department budget requests are due around Feb 2026. | Records Management System: typical 84-month term, stickiness 5/5, needs ~24 months lead."
61.3,expired,Washington Headquarters Services,DC,LBO TECHNOLOGY LLC,Computer-Aided Dispatch,1010084,2025-09-26,2023-09-26,2025-02-01,Contract expired Sep 2025 with no newer record found. Likely extended or auto-renewed — confirm current status; an agency operating on an extension is unusually reachable.,usaspending,"2 contracts with LBO TECHNOLOGY LLC at this agency (Computer-Aided Dispatch) — likely one suite decision. | Replacement must be funded in FY2026 (fiscal year starts July); department budget requests are due around Feb 2025. | Computer-Aided Dispatch: typical 84-month term, stickiness 5/5, needs ~24 months lead. | Past expiration with no successor contract in the data."
61.0,procurement_live,Departmental Offices,CA,BIGHORN INFORMATION SYSTEMS,Computer-Aided Dispatch,2275288,2026-12-31,2024-12-31,2026-02-01,Budget request already filed. Compete on the solicitation — ask procurement whether an RFP is planned before Dec 2026.,usaspending,"Replacement must be funded in FY2027 (fiscal year starts July); department budget requests are due around Feb 2026. | Computer-Aided Dispatch: typical 84-month term, stickiness 5/5, needs ~24 months lead."
61.0,procurement_live,Departmental Offices,MD,PROGRESSIVE TECHNOLOGY FEDERAL SYSTEMS INC,Records Management System,1640636,2027-02-16,2025-02-16,2026-02-01,Budget request already filed. Compete on the solicitation — ask procurement whether an RFP is planned before Feb 2027.,usaspending,"Replacement must be funded in FY2027 (fiscal year starts July); department budget requests are due around Feb 2026. | Records Management System: typical 84-month term, stickiness 5/5, needs ~24 months lead."
60.9,procurement_live,National Oceanic and Atmospheric Administration,MD,"FEITH SYSTEMS & SOFTWARE, INC",Records Management System,962375,2027-06-11,2025-06-11,2026-02-01,Budget request already filed. Compete on the solicitation — ask procurement whether an RFP is planned before Jun 2027.,usaspending,"Replacement must be funded in FY2027 (fiscal year starts July); department budget requests are due around Feb 2026. | Records Management System: typical 84-month term, stickiness 5/5, needs ~24 months lead."
60.8,pitch_now,U.S. Marshals Service,DC,SOFTWARE INFORMATION RESOURCE CORP.,Records Management System,,2027-07-05,2025-07-05,2027-02-01,Pitch now. You have until roughly Feb 2027 to be written into the FY2028 budget request.,usaspending,"Replacement must be funded in FY2028 (fiscal year starts July); department budget requests are due around Feb 2027. | Records Management System: typical 84-month term, stickiness 5/5, needs ~24 months lead."
60.1,procurement_live,GOLDEN EMPIRE TRANSIT DISTRICT,CA,UNAWARDED (grant-funded),Computer-Aided Dispatch,9780000,2026-12-31,2024-12-31,2026-02-01,Budget request already filed. Compete on the solicitation — ask procurement whether an RFP is planned before Dec 2026.,usaspending,"Replacement must be funded in FY2027 (fiscal year starts July); department budget requests are due around Feb 2026. | Computer-Aided Dispatch: typical 84-month term, stickiness 5/5, needs ~24 months lead."
58.1,procurement_live,Bureau of the Fiscal Service,DC,"BRAVO CONSULTING GROUP, LLC",Records Management System,453878,2027-02-20,2025-02-20,2026-02-01,Budget request already filed. Compete on the solicitation — ask procurement whether an RFP is planned before Feb 2027.,usaspending,"Replacement must be funded in FY2027 (fiscal year starts July); department budget requests are due around Feb 2026. | Records Management System: typical 84-month term, stickiness 5/5, needs ~24 months lead."
56.6,expired,Department of the Army,AZ,TELOS CORPORATION,Mobile / Field Reporting,515818,2025-10-26,2024-07-26,2025-02-01,Contract expired Oct 2025 with no newer record found. Likely extended or auto-renewed — confirm current status; an agency operating on an extension is unusually reachable.,usaspending,"Replacement must be funded in FY2026 (fiscal year starts July); department budget requests are due around Feb 2025. | Mobile / Field Reporting: typical 48-month term, stickiness 3/5, needs ~15 months lead. | Past expiration with no successor contract in the data."
56.4,procurement_live,LASSEN COUNTY,CA,UNAWARDED (grant-funded),Computer-Aided Dispatch,358723,2026-12-31,2024-12-31,2026-02-01,Budget request already filed. Compete on the solicitation — ask procurement whether an RFP is planned before Dec 2026.,usaspending,"Replacement must be funded in FY2027 (fiscal year starts July); department budget requests are due around Feb 2026. | Computer-Aided Dispatch: typical 84-month term, stickiness 5/5, needs ~24 months lead."
55.6,expired,National Park Service,CO,TRIBALCO LLC,Computer-Aided Dispatch,164193,2026-07-31,2024-07-31,2026-02-01,Contract expired Jul 2026 with no newer record found. Likely extended or auto-renewed — confirm current status; an agency operating on an extension is unusually reachable.,usaspending,"2 contracts with TRIBALCO LLC at this agency (Computer-Aided Dispatch) — likely one suite decision. | Replacement must be funded in FY2027 (fiscal year starts July); department budget requests are due around Feb 2026. | Computer-Aided Dispatch: typical 84-month term, stickiness 5/5, needs ~24 months lead. | Past expiration with no successor contract in the data."
55.0,late,National Park Service,CO,"COUNTERTRADE PRODUCTS, INC.",Mobile / Field Reporting,3126175,2026-11-30,2025-08-30,2026-02-01,Expires Nov 2026; incumbent has likely renewed. Position for the following cycle and ask about extension terms.,usaspending,"Replacement must be funded in FY2027 (fiscal year starts July); department budget requests are due around Feb 2026. | Mobile / Field Reporting: typical 48-month term, stickiness 3/5, needs ~15 months lead."
53.0,expired,Department of the Army,VA,CLOUD LAKE TECHNOLOGY LLC,Computer-Aided Dispatch,7310327,2024-09-24,2022-09-24,2024-02-01,Contract expired Sep 2024 with no newer record found. Likely extended or auto-renewed — confirm current status; an agency operating on an extension is unusually reachable.,usaspending,"2 contracts with CLOUD LAKE TECHNOLOGY LLC at this agency (Computer-Aided Dispatch) — likely one suite decision. | Replacement must be funded in FY2025 (fiscal year starts July); department budget requests are due around Feb 2024. | Computer-Aided Dispatch: typical 84-month term, stickiness 5/5, needs ~24 months lead. | Past expiration with no successor contract in the data."
52.9,too_early,CHARTER TOWNSHIP OF LONG LAKE,MI,UNAWARDED (grant-funded),Computer-Aided Dispatch,800000,2029-03-29,2027-03-29,2028-05-01,"Hold until Mar 2027, then open the relationship ahead of the May 2028 budget request.",usaspending,"Replacement must be funded in FY2029 (fiscal year starts October); department budget requests are due around May 2028. | Computer-Aided Dispatch: typical 84-month term, stickiness 5/5, needs ~24 months lead."
52.8,late,AMERICAN SAMOA CRIMINAL JUSTICE PLANNING AGENCY,AS,UNAWARDED (grant-funded),Records Management System,208714,2026-09-30,2024-09-30,2026-02-01,Expires Sep 2026; incumbent has likely renewed. Position for the following cycle and ask about extension terms.,usaspending,"2 contracts with UNAWARDED (grant-funded) at this agency (Records Management System) — likely one suite decision. | Replacement must be funded in FY2027 (fiscal year starts July); department budget requests are due around Feb 2026. | Records Management System: typical 84-month term, stickiness 5/5, needs ~24 months lead."
51.5,expired,Departmental Offices,DC,Niche Technology,Records Management System,1076700,2021-09-07,2019-09-07,2021-02-01,Contract expired Sep 2021 with no newer record found. Likely extended or auto-renewed — confirm current status; an agency operating on an extension is unusually reachable.,usaspending,"Replacement must be funded in FY2022 (fiscal year starts July); department budget requests are due around Feb 2021. | Records Management System: typical 84-month term, stickiness 5/5, needs ~24 months lead. | Past expiration with no successor contract in the data."
51.1,expired,SUNLINE TRANSIT AGENCY,CA,UNAWARDED (grant-funded),Computer-Aided Dispatch,1119200,2026-08-31,2024-08-31,2026-02-01,Contract expired Aug 2026 with no newer record found. Likely extended or auto-renewed — confirm current status; an agency operating on an extension is unusually reachable.,usaspending,"2 contracts with UNAWARDED (grant-funded) at this agency (Computer-Aided Dispatch) — likely one suite decision. | Replacement must be funded in FY2027 (fiscal year starts July); department budget requests are due around Feb 2026. | Computer-Aided Dispatch: typical 84-month term, stickiness 5/5, needs ~24 months lead. | Past expiration with no successor contract in the data."
51.0,expired,Department of the Army,ID,REDFORT TECHNOLOGIES LLC,Mobile / Field Reporting,108297,2026-01-17,2024-10-01,2025-02-01,Contract expired Jan 2026 with no newer record found. Likely extended or auto-renewed — confirm current status; an agency operating on an extension is unusually reachable.,usaspending,"Replacement must be funded in FY2026 (fiscal year starts July); department budget requests are due around Feb 2025. | Mobile / Field Reporting: typical 48-month term, stickiness 3/5, needs ~15 months lead. | Past expiration with no successor contract in the data."
51.0,expired,Department of the Army,KY,DIGITAL MANAGEMENT LLC,Records Management System,10681107,2024-02-09,2022-02-09,2023-02-01,Contract expired Feb 2024 with no newer record found. Likely extended or auto-renewed — confirm current status; an agency operating on an extension is unusually reachable.,usaspending,"Replacement must be funded in FY2024 (fiscal year starts July); department budget requests are due around Feb 2023. | Records Management System: typical 84-month term, stickiness 5/5, needs ~24 months lead. | Past expiration with no successor contract in the data."
51.0,expired,Department of the Air Force,VA,"RED RIVER SCIENCE & TECHNOLOGY, LLC",Records Management System,3894781,2023-11-30,2021-11-30,2023-02-01,Contract expired Nov 2023 with no newer record found. Likely extended or auto-renewed — confirm current status; an agency operating on an extension is unusually reachable.,usaspending,"Replacement must be funded in FY2024 (fiscal year starts July); department budget requests are due around Feb 2023. | Records Management System: typical 84-month term, stickiness 5/5, needs ~24 months lead. | Past expiration with no successor contract in the data."
51.0,expired,Departmental Offices,VA,NANAVATI CONSULTING INC,Records Management System,1160835,2023-03-13,2021-03-13,2022-02-01,Contract expired Mar 2023 with no newer record found. Likely extended or auto-renewed — confirm current status; an agency operating on an extension is unusually reachable.,usaspending,"Replacement must be funded in FY2023 (fiscal year starts July); department budget requests are due around Feb 2022. | Records Management System: typical 84-month term, stickiness 5/5, needs ~24 months lead. | Past expiration with no successor contract in the data."
51.0,expired,Department of the Navy,SC,ISHPI INFORMATION TECHNOLOGIES INC.,Records Management System,1198196,2023-03-07,2021-03-07,2022-02-01,Contract expired Mar 2023 with no newer record found. Likely extended or auto-renewed — confirm current status; an agency operating on an extension is unusually reachable.,usaspending,"Replacement must be funded in FY2023 (fiscal year starts July); department budget requests are due around Feb 2022. | Records Management System: typical 84-month term, stickiness 5/5, needs ~24 months lead. | Past expiration with no successor contract in the data."
51.0,expired,U.S. Census Bureau,MD,"AASA, INC.",Records Management System,1156254,2021-09-24,2019-09-24,2021-02-01,Contract expired Sep 2021 with no newer record found. Likely extended or auto-renewed — confirm current status; an agency operating on an extension is unusually reachable.,usaspending,"Replacement must be funded in FY2022 (fiscal year starts July); department budget requests are due around Feb 2021. | Records Management System: typical 84-month term, stickiness 5/5, needs ~24 months lead. | Past expiration with no successor contract in the data."
51.0,expired,USTRANSCOM,IL,"ESSNOVA SOLUTIONS, INC.",Records Management System,1223555,2021-12-17,2019-12-17,2021-02-01,Contract expired Dec 2021 with no newer record found. Likely extended or auto-renewed — confirm current status; an agency operating on an extension is unusually reachable.,usaspending,"Replacement must be funded in FY2022 (fiscal year starts July); department budget requests are due around Feb 2021. | Records Management System: typical 84-month term, stickiness 5/5, needs ~24 months lead. | Past expiration with no successor contract in the data."
51.0,expired,Bureau of the Fiscal Service,DC,"ECS FEDERAL, LLC",Records Management System,1022148,2021-12-12,2019-12-12,2021-02-01,Contract expired Dec 2021 with no newer record found. Likely extended or auto-renewed — confirm current status; an agency operating on an extension is unusually reachable.,usaspending,"Replacement must be funded in FY2022 (fiscal year starts July); department budget requests are due around Feb 2021. | Records Management System: typical 84-month term, stickiness 5/5, needs ~24 months lead. | Past expiration with no successor contract in the data."
51.0,expired,Federal Acquisition Service,MO,BRILLIENT CORPORATION,Records Management System,1211693,2023-08-01,2021-08-01,2023-02-01,Contract expired Aug 2023 with no newer record found. Likely extended or auto-renewed — confirm current status; an agency operating on an extension is unusually reachable.,usaspending,"Replacement must be funded in FY2024 (fiscal year starts July); department budget requests are due around Feb 2023. | Records Management System: typical 84-month term, stickiness 5/5, needs ~24 months lead. | Past expiration with no successor contract in the data."
51.0,expired,Department of the Air Force,TX,GOODWILL INDUSTRIES OF SAN ANTONIO CONTRACT SERVICES,Records Management System,3497707,2025-10-31,2023-10-31,2025-04-01,Contract expired Oct 2025 with no newer record found. Likely extended or auto-renewed — confirm current status; an agency operating on an extension is unusually reachable.,usaspending,"Replacement must be funded in FY2026 (fiscal year starts September); department budget requests are due around Apr 2025. | Records Management System: typical 84-month term, stickiness 5/5, needs ~24 months lead. | Past expiration with no successor contract in the data."
51.0,expired,Federal Emergency Management Agency,DC,"PARADIGM INVESTMENT CAPITAL, L.L.C.",Records Management System,1349280,2016-08-10,2014-08-10,2016-02-01,Contract expired Aug 2016 with no newer record found. Likely extended or auto-renewed — confirm current status; an agency operating on an extension is unusually reachable.,usaspending,"Replacement must be funded in FY2017 (fiscal year starts July); department budget requests are due around Feb 2016. | Records Management System: typical 84-month term, stickiness 5/5, needs ~24 months lead. | Past expiration with no successor contract in the data."
51.0,expired,Court Services and Offender Supervision Agency,DC,SOFTWARE INFORMATION RESOURCE CORP.,Records Management System,1134792,2019-09-28,2017-09-28,2019-02-01,Contract expired Sep 2019 with no newer record found. Likely extended or auto-renewed — confirm current status; an agency operating on an extension is unusually reachable.,usaspending,"2 contracts with SOFTWARE INFORMATION RESOURCE CORP. at this agency (Records Management System) — likely one suite decision. | Replacement must be funded in FY2020 (fiscal year starts July); department budget requests are due around Feb 2019. | Records Management System: typical 84-month term, stickiness 5/5, needs ~24 months lead. | Past expiration with no successor contract in the data."
50.9,expired,Department of Energy,VA,Carahsoft,Records Management System,963793,2019-09-30,2017-09-30,2019-02-01,Contract expired Sep 2019 with no newer record found. Likely extended or auto-renewed — confirm current status; an agency operating on an extension is unusually reachable.,usaspending,"Replacement must be funded in FY2020 (fiscal year starts July); department budget requests are due around Feb 2019. | Records Management System: typical 84-month term, stickiness 5/5, needs ~24 months lead. | Past expiration with no successor contract in the data."
50.7,too_early,CITY OF GRAND PRAIRIE,TX,UNAWARDED (grant-funded),Mobile / Field Reporting,1283304,2029-01-31,2027-10-31,2028-04-01,"Hold until Oct 2027, then open the relationship ahead of the Apr 2028 budget request.",usaspending,"Replacement must be funded in FY2029 (fiscal year starts September); department budget requests are due around Apr 2028. | Mobile / Field Reporting: typical 48-month term, stickiness 3/5, needs ~15 months lead."
50.1,expired,COMBINED REGIONAL COMMUNICATIONS AUTHORITY,CO,UNAWARDED (grant-funded),Computer-Aided Dispatch,1011158,2023-10-31,2021-10-31,2023-02-01,Contract expired Oct 2023 with no newer record found. Likely extended or auto-renewed — confirm current status; an agency operating on an extension is unusually reachable.,usaspending,"Replacement must be funded in FY2024 (fiscal year starts July); department budget requests are due around Feb 2023. | Computer-Aided Dispatch: typical 84-month term, stickiness 5/5, needs ~24 months lead. | Past expiration with no successor contract in the data."
50.1,expired,"LAW & PUBLIC SAFETY, NEW JERSEY DEPARTMENT OF",NJ,UNAWARDED (grant-funded),Records Management System,1502609,2025-06-30,2023-06-30,2024-02-01,Contract expired Jun 2025 with no newer record found. Likely extended or auto-renewed — confirm current status; an agency operating on an extension is unusually reachable.,usaspending,"Replacement must be funded in FY2025 (fiscal year starts July); department budget requests are due around Feb 2024. | Records Management System: typical 84-month term, stickiness 5/5, needs ~24 months lead. | Past expiration with no successor contract in the data."
50.1,expired,"FISH & WILDLIFE, WASHINGTON STATE DEPARTMENT OF",WA,UNAWARDED (grant-funded),Records Management System,1756663,2023-06-30,2021-06-30,2022-02-01,Contract expired Jun 2023 with no newer record found. Likely extended or auto-renewed — confirm current status; an agency operating on an extension is unusually reachable.,usaspending,"Replacement must be funded in FY2023 (fiscal year starts July); department budget requests are due around Feb 2022. | Records Management System: typical 84-month term, stickiness 5/5, needs ~24 months lead. | Past expiration with no successor contract in the data."
50.0,expired,CITY OF RALEIGH,NC,UNAWARDED (grant-funded),Computer-Aided Dispatch,971634,2023-01-20,2021-01-20,2022-02-01,Contract expired Jan 2023 with no newer record found. Likely extended or auto-renewed — confirm current status; an agency operating on an extension is unusually reachable.,usaspending,"Replacement must be funded in FY2023 (fiscal year starts July); department budget requests are due around Feb 2022. | Computer-Aided Dispatch: typical 84-month term, stickiness 5/5, needs ~24 months lead. | Past expiration with no successor contract in the data."
49.4,expired,Transportation Security Administration,VA,GREENZONE SOLUTIONS LLC,Records Management System,651181,2023-02-16,2021-02-16,2022-02-01,Contract expired Feb 2023 with no newer record found. Likely extended or auto-renewed — confirm current status; an agency operating on an extension is unusually reachable.,usaspending,"Replacement must be funded in FY2023 (fiscal year starts July); department budget requests are due around Feb 2022. | Records Management System: typical 84-month term, stickiness 5/5, needs ~24 months lead. | Past expiration with no successor contract in the data."
49.1,expired,Federal Emergency Management Agency,DC,"SANDS CONSULTING GROUP, INC.",Records Management System,591942,2025-09-29,2023-09-29,2025-02-01,Contract expired Sep 2025 with no newer record found. Likely extended or auto-renewed — confirm current status; an agency operating on an extension is unusually reachable.,usaspending,"Replacement must be funded in FY2026 (fiscal year starts July); department budget requests are due around Feb 2025. | Records Management System: typical 84-month term, stickiness 5/5, needs ~24 months lead. | Past expiration with no successor contract in the data."
48.5,expired,Bureau of the Fiscal Service,GA,CFOL INTERNATIONAL INC,Records Management System,499488,2025-11-30,2023-11-30,2025-02-01,Contract expired Nov 2025 with no newer record found. Likely extended or auto-renewed — confirm current status; an agency operating on an extension is unusually reachable.,usaspending,"Replacement must be funded in FY2026 (fiscal year starts July); department budget requests are due around Feb 2025. | Records Management System: typical 84-month term, stickiness 5/5, needs ~24 months lead. | Past expiration with no successor contract in the data."
48.0,expired,National Park Service,NV,"COMMDEX, LLC",Computer-Aided Dispatch,435836,2025-04-30,2023-04-30,2024-02-01,Contract expired Apr 2025 with no newer record found. Likely extended or auto-renewed — confirm current status; an agency operating on an extension is unusually reachable.,usaspending,"Replacement must be funded in FY2025 (fiscal year starts July); department budget requests are due around Feb 2024. | Computer-Aided Dispatch: typical 84-month term, stickiness 5/5, needs ~24 months lead. | Past expiration with no successor contract in the data."
48.0,expired,Departmental Offices,AZ,ALVAREZ LLC,Computer-Aided Dispatch,431955,2019-06-15,2017-06-15,2018-02-01,Contract expired Jun 2019 with no newer record found. Likely extended or auto-renewed — confirm current status; an agency operating on an extension is unusually reachable.,usaspending,"Replacement must be funded in FY2019 (fiscal year starts July); department budget requests are due around Feb 2018. | Computer-Aided Dispatch: typical 84-month term, stickiness 5/5, needs ~24 months lead. | Past expiration with no successor contract in the data."
47.6,expired,U.S. Census Bureau,MD,EPIK SOLUTIONS.,Records Management System,395563,2025-09-29,2023-09-29,2025-02-01,Contract expired Sep 2025 with no newer record found. Likely extended or auto-renewed — confirm current status; an agency operating on an extension is unusually reachable.,usaspending,"Replacement must be funded in FY2026 (fiscal year starts July); department budget requests are due around Feb 2025. | Records Management System: typical 84-month term, stickiness 5/5, needs ~24 months lead. | Past expiration with no successor contract in the data."
47.0,late,Department of the Army,DC,E-9 CORPORATION,Records Management System,9968480,2026-09-28,2024-09-28,2026-02-01,Expires Sep 2026; incumbent has likely renewed. Position for the following cycle and ask about extension terms.,usaspending,"Replacement must be funded in FY2027 (fiscal year starts July); department budget requests are due around Feb 2026. | Records Management System: typical 84-month term, stickiness 5/5, needs ~24 months lead."
47.0,late,Defense Information Systems Agency,TX,AETOS LLC,Records Management System,2301886,2026-11-14,2024-11-14,2026-04-01,Expires Nov 2026; incumbent has likely renewed. Position for the following cycle and ask about extension terms.,usaspending,"Replacement must be funded in FY2027 (fiscal year starts September); department budget requests are due around Apr 2026. | Records Management System: typical 84-month term, stickiness 5/5, needs ~24 months lead."
46.9,expired,"Offices, Boards and Divisions",CA,MATRIX LOGIC CORPORATION,Records Management System,348954,2023-09-30,2021-09-30,2023-02-01,Contract expired Sep 2023 with no newer record found. Likely extended or auto-renewed — confirm current status; an agency operating on an extension is unusually reachable.,usaspending,"2 contracts with MATRIX LOGIC CORPORATION at this agency (Records Management System) — likely one suite decision. | Replacement must be funded in FY2024 (fiscal year starts July); department budget requests are due around Feb 2023. | Records Management System: typical 84-month term, stickiness 5/5, needs ~24 months lead. | Past expiration with no successor contract in the data."
46.5,expired,Department of the Air Force,FL,Motorola Solutions,Computer-Aided Dispatch,249766,2025-05-06,2023-05-06,2024-02-01,Contract expired May 2025 with no newer record found. Likely extended or auto-renewed — confirm current status; an agency operating on an extension is unusually reachable.,usaspending,"Replacement must be funded in FY2025 (fiscal year starts July); department budget requests are due around Feb 2024. | Computer-Aided Dispatch: typical 84-month term, stickiness 5/5, needs ~24 months lead. | Past expiration with no successor contract in the data."
46.2,expired,COUNTY OF KOOTENAI,ID,UNAWARDED (grant-funded),Mobile / Field Reporting,36923,2025-11-10,2024-08-10,2025-02-01,Contract expired Nov 2025 with no newer record found. Likely extended or auto-renewed — confirm current status; an agency operating on an extension is unusually reachable.,usaspending,"Replacement must be funded in FY2026 (fiscal year starts July); department budget requests are due around Feb 2025. | Mobile / Field Reporting: typical 48-month term, stickiness 3/5, needs ~15 months lead. | Past expiration with no successor contract in the data."
45.7,expired,Department of the Air Force,SC,SOUTHERN SOFTWARE INC,Computer-Aided Dispatch,229596,2026-02-17,2024-02-17,2025-02-01,Contract expired Feb 2026 with no newer record found. Likely extended or auto-renewed — confirm current status; an agency operating on an extension is unusually reachable.,usaspending,"Replacement must be funded in FY2026 (fiscal year starts July); department budget requests are due around Feb 2025. | Computer-Aided Dispatch: typical 84-month term, stickiness 5/5, needs ~24 months lead. | Past expiration with no successor contract in the data."
45.2,expired,Department of Veterans Affairs,MO,"OMNIGO SOFTWARE, LLC",Records Management System,200214,2024-03-30,2022-03-30,2023-02-01,Contract expired Mar 2024 with no newer record found. Likely extended or auto-renewed — confirm current status; an agency operating on an extension is unusually reachable.,usaspending,"Replacement must be funded in FY2024 (fiscal year starts July); department budget requests are due around Feb 2023. | Records Management System: typical 84-month term, stickiness 5/5, needs ~24 months lead. | Past expiration with no successor contract in the data."
45.0,expired,National Institutes of Health,NC,"MAXIMUS FEDERAL TECHNOLOGY SOLUTIONS, LLC",Records Management System,190759,2016-03-27,2014-03-27,2015-02-01,Contract expired Mar 2016 with no newer record found. Likely extended or auto-renewed — confirm current status; an agency operating on an extension is unusually reachable.,usaspending,"Replacement must be funded in FY2016 (fiscal year starts July); department budget requests are due around Feb 2015. | Records Management System: typical 84-month term, stickiness 5/5, needs ~24 months lead. | Past expiration with no successor contract in the data."
44.6,expired,Department of the Army,NV,"SPECTRUM GIS, INC.",Records Management System,171187,2024-09-30,2022-09-30,2024-02-01,Contract expired Sep 2024 with no newer record found. Likely extended or auto-renewed — confirm current status; an agency operating on an extension is unusually reachable.,usaspending,"Replacement must be funded in FY2025 (fiscal year starts July); department budget requests are due around Feb 2024. | Records Management System: typical 84-month term, stickiness 5/5, needs ~24 months lead. | Past expiration with no successor contract in the data."
44.4,expired,RESEARCH TRIANGLE INSTITUTE,NC,UNAWARDED (grant-funded),Computer-Aided Dispatch,206865,2025-05-31,2023-05-31,2024-02-01,Contract expired May 2025 with no newer record found. Likely extended or auto-renewed — confirm current status; an agency operating on an extension is unusually reachable.,usaspending,"Replacement must be funded in FY2025 (fiscal year starts July); department budget requests are due around Feb 2024. | Computer-Aided Dispatch: typical 84-month term, stickiness 5/5, needs ~24 months lead. | Past expiration with no successor contract in the data."
43.9,procurement_live,ALAMEDA-CONTRA COSTA TRANSIT DISTRICT,CA,UNAWARDED (grant-funded),Computer-Aided Dispatch,,2027-06-30,2025-06-30,2026-02-01,Budget request already filed. Compete on the solicitation — ask procurement whether an RFP is planned before Jun 2027.,usaspending,"Replacement must be funded in FY2027 (fiscal year starts July); department budget requests are due around Feb 2026. | Computer-Aided Dispatch: typical 84-month term, stickiness 5/5, needs ~24 months lead."
43.7,expired,Federal Railroad Administration,,TRAINFO CORPORATION,Computer-Aided Dispatch,133033,2024-03-11,2022-03-11,2023-02-01,Contract expired Mar 2024 with no newer record found. Likely extended or auto-renewed — confirm current status; an agency operating on an extension is unusually reachable.,usaspending,"Replacement must be funded in FY2024 (fiscal year starts July); department budget requests are due around Feb 2023. | Computer-Aided Dispatch: typical 84-month term, stickiness 5/5, needs ~24 months lead. | Past expiration with no successor contract in the data."
43.5,expired,Department of the Army,SC,Hexagon,Computer-Aided Dispatch,118167,2026-04-30,2024-04-30,2025-02-01,Contract expired Apr 2026 with no newer record found. Likely extended or auto-renewed — confirm current status; an agency operating on an extension is unusually reachable.,usaspending,"Replacement must be funded in FY2026 (fiscal year starts July); department budget requests are due around Feb 2025. | Computer-Aided Dispatch: typical 84-month term, stickiness 5/5, needs ~24 months lead. | Past expiration with no successor contract in the data."
43.5,late,CITY OF SPRINGFIELD,MO,UNAWARDED (grant-funded),Mobile / Field Reporting,53761,2026-09-30,2025-06-30,2026-02-01,Expires Sep 2026; incumbent has likely renewed. Position for the following cycle and ask about extension terms.,usaspending,"Replacement must be funded in FY2027 (fiscal year starts July); department budget requests are due around Feb 2026. | Mobile / Field Reporting: typical 48-month term, stickiness 3/5, needs ~15 months lead."
43.5,expired,Office of Procurement Operations,VA,PERATON ENTERPRISE SOLUTIONS LLC,Records Management System,127458,2020-12-26,2018-12-26,2020-02-01,Contract expired Dec 2020 with no newer record found. Likely extended or auto-renewed — confirm current status; an agency operating on an extension is unusually reachable.,usaspending,"Replacement must be funded in FY2021 (fiscal year starts July); department budget requests are due around Feb 2020. | Records Management System: typical 84-month term, stickiness 5/5, needs ~24 months lead. | Past expiration with no successor contract in the data."
43.4,expired,VILLAGE OF PHOENIX,IL,UNAWARDED (grant-funded),Records Management System,156000,2025-05-31,2023-05-31,2024-02-01,Contract expired May 2025 with no newer record found. Likely extended or auto-renewed — confirm current status; an agency operating on an extension is unusually reachable.,usaspending,"Replacement must be funded in FY2025 (fiscal year starts July); department budget requests are due around Feb 2024. | Records Management System: typical 84-month term, stickiness 5/5, needs ~24 months lead. | Past expiration with no successor contract in the data."
43.3,expired,Department of the Air Force,MD,"ADVANCED COMPUTER CONCEPTS, INC.",Computer-Aided Dispatch,119923,2026-06-23,2024-06-23,2025-02-01,Contract expired Jun 2026 with no newer record found. Likely extended or auto-renewed — confirm current status; an agency operating on an extension is unusually reachable.,usaspending,"Replacement must be funded in FY2026 (fiscal year starts July); department budget requests are due around Feb 2025. | Computer-Aided Dispatch: typical 84-month term, stickiness 5/5, needs ~24 months lead. | Past expiration with no successor contract in the data."
43.3,expired,ATLANTA-REGION TRANSIT LINK AUTHORITY,GA,UNAWARDED (grant-funded),Computer-Aided Dispatch,151765,2026-04-14,2024-04-14,2025-02-01,Contract expired Apr 2026 with no newer record found. Likely extended or auto-renewed — confirm current status; an agency operating on an extension is unusually reachable.,usaspending,"Replacement must be funded in FY2026 (fiscal year starts July); department budget requests are due around Feb 2025. | Computer-Aided Dispatch: typical 84-month term, stickiness 5/5, needs ~24 months lead. | Past expiration with no successor contract in the data."
43.2,expired,Centers for Medicare and Medicaid Services,UT,CENTEVA LLC,Records Management System,114332,2025-09-21,2023-09-21,2025-02-01,Contract expired Sep 2025 with no newer record found. Likely extended or auto-renewed — confirm current status; an agency operating on an extension is unusually reachable.,usaspending,"Replacement must be funded in FY2026 (fiscal year starts July); department budget requests are due around Feb 2025. | Records Management System: typical 84-month term, stickiness 5/5, needs ~24 months lead. | Past expiration with no successor contract in the data."
43.2,expired,COUNTY OF RICHMOND,NC,UNAWARDED (grant-funded),Mobile / Field Reporting,17750,2024-09-30,2023-06-30,2024-02-01,Contract expired Sep 2024 with no newer record found. Likely extended or auto-renewed — confirm current status; an agency operating on an extension is unusually reachable.,usaspending,"2 contracts with UNAWARDED (grant-funded) at this agency (Mobile / Field Reporting) — likely one suite decision. | Replacement must be funded in FY2025 (fiscal year starts July); department budget requests are due around Feb 2024. | Mobile / Field Reporting: typical 48-month term, stickiness 3/5, needs ~15 months lead. | Past expiration with no successor contract in the data."
43.1,expired,National Park Service,TN,TRIBALCO LLC,Computer-Aided Dispatch,111320,2022-03-02,2020-03-02,2021-02-01,Contract expired Mar 2022 with no newer record found. Likely extended or auto-renewed — confirm current status; an agency operating on an extension is unusually reachable.,usaspending,"Replacement must be funded in FY2022 (fiscal year starts July); department budget requests are due around Feb 2021. | Computer-Aided Dispatch: typical 84-month term, stickiness 5/5, needs ~24 months lead. | Past expiration with no successor contract in the data."
43.1,expired,NATIONAL CENTER FOR STATE COURTS,,UNAWARDED (grant-funded),Records Management System,142857,2025-02-27,2023-02-27,2024-02-01,Contract expired Feb 2025 with no newer record found. Likely extended or auto-renewed — confirm current status; an agency operating on an extension is unusually reachable.,usaspending,"Replacement must be funded in FY2025 (fiscal year starts July); department budget requests are due around Feb 2024. | Records Management System: typical 84-month term, stickiness 5/5, needs ~24 months lead. | Past expiration with no successor contract in the data."
43.0,expired,Bureau of Land Management,AZ,TRIBALCO LLC,Computer-Aided Dispatch,109970,2023-03-30,2021-03-30,2022-02-01,Contract expired Mar 2023 with no newer record found. Likely extended or auto-renewed — confirm current status; an agency operating on an extension is unusually reachable.,usaspending,"Replacement must be funded in FY2023 (fiscal year starts July); department budget requests are due around Feb 2022. | Computer-Aided Dispatch: typical 84-month term, stickiness 5/5, needs ~24 months lead. | Past expiration with no successor contract in the data."
42.8,expired,Department of the Army,KY,DELL FEDERAL SYSTEMS L.P,Records Management System,104661,2025-02-01,2023-02-01,2024-02-01,Contract expired Feb 2025 with no newer record found. Likely extended or auto-renewed — confirm current status; an agency operating on an extension is unusually reachable.,usaspending,"Replacement must be funded in FY2025 (fiscal year starts July); department budget requests are due around Feb 2024. | Records Management System: typical 84-month term, stickiness 5/5, needs ~24 months lead. | Past expiration with no successor contract in the data."
42.7,expired,Federal Transit Administration,OR,"DAVID EVANS AND ASSOCIATES, INC.",Computer-Aided Dispatch,101800,2022-06-23,2020-06-23,2021-02-01,Contract expired Jun 2022 with no newer record found. Likely extended or auto-renewed — confirm current status; an agency operating on an extension is unusually reachable.,usaspending,"Replacement must be funded in FY2022 (fiscal year starts July); department budget requests are due around Feb 2021. | Computer-Aided Dispatch: typical 84-month term, stickiness 5/5, needs ~24 months lead. | Past expiration with no successor contract in the data."
42.6,too_early,Agency for International Development,PA,"FEITH SYSTEMS & SOFTWARE, INC",Records Management System,499079,2029-09-30,2027-09-30,2029-02-01,"Hold until Sep 2027, then open the relationship ahead of the Feb 2029 budget request.",usaspending,"Replacement must be funded in FY2030 (fiscal year starts July); department budget requests are due around Feb 2029. | Records Management System: typical 84-month term, stickiness 5/5, needs ~24 months lead."
42.4,expired,ATTORNEY GENERAL HAWAII DEPARTMENT OF TH,HI,UNAWARDED (grant-funded),Records Management System,105123,2023-09-30,2021-09-30,2023-02-01,Contract expired Sep 2023 with no newer record found. Likely extended or auto-renewed — confirm current status; an agency operating on an extension is unusually reachable.,usaspending,"2 contracts with UNAWARDED (grant-funded) at this agency (Records Management System) — likely one suite decision. | Replacement must be funded in FY2024 (fiscal year starts July); department budget requests are due around Feb 2023. | Records Management System: typical 84-month term, stickiness 5/5, needs ~24 months lead. | Past expiration with no successor contract in the data."
42.3,late,CITY OF SPOKANE POLICE,WA,UNAWARDED (grant-funded),Computer-Aided Dispatch,342857,2026-09-30,2024-09-30,2026-02-01,Expires Sep 2026; incumbent has likely renewed. Position for the following cycle and ask about extension terms.,usaspending,"Replacement must be funded in FY2027 (fiscal year starts July); department budget requests are due around Feb 2026. | Computer-Aided Dispatch: typical 84-month term, stickiness 5/5, needs ~24 months lead."
42.3,expired,U.S. Census Bureau,MD,"AMAR HEALTH IT, LLC",Records Management System,90220,2026-03-23,2024-03-23,2025-02-01,Contract expired Mar 2026 with no newer record found. Likely extended or auto-renewed — confirm current status; an agency operating on an extension is unusually reachable.,usaspending,"Replacement must be funded in FY2026 (fiscal year starts July); department budget requests are due around Feb 2025. | Records Management System: typical 84-month term, stickiness 5/5, needs ~24 months lead. | Past expiration with no successor contract in the data."
42.2,expired,CITY OF BUFFALO,NY,UNAWARDED (grant-funded),Records Management System,110664,2020-09-30,2018-09-30,2019-11-01,Contract expired Sep 2020 with no newer record found. Likely extended or auto-renewed — confirm current status; an agency operating on an extension is unusually reachable.,usaspending,"Replacement must be funded in FY2021 (fiscal year starts April); department budget requests are due around Nov 2019. | Records Management System: typical 84-month term, stickiness 5/5, needs ~24 months lead. | Past expiration with no successor contract in the data."
42.1,expired,Department of the Navy,CA,"IDENTIV, INC.",Computer-Aided Dispatch,86430,2025-08-15,2023-08-15,2025-02-01,Contract expired Aug 2025 with no newer record found. Likely extended or auto-renewed — confirm current status; an agency operating on an extension is unusually reachable.,usaspending,"Replacement must be funded in FY2026 (fiscal year starts July); department budget requests are due around Feb 2025. | Computer-Aided Dispatch: typical 84-month term, stickiness 5/5, needs ~24 months lead. | Past expiration with no successor contract in the data."
42.0,unknown,PENNSYLVANIA DEPARTMENT OF TRANSPORTATION,PA,UNAWARDED (grant-funded),Computer-Aided Dispatch,759600,-,2026-10-01,2027-02-01,"No expiration on record. File a public records request for the contract term, and engage before the Feb 2027 budget request deadline.",usaspending,No expiration date in any source for this contract.
41.9,expired,Department of State,,"DATA & GRAPHICS, S.A. DE C.V.",Records Management System,81300,2021-11-24,2019-11-24,2021-02-01,Contract expired Nov 2021 with no newer record found. Likely extended or auto-renewed — confirm current status; an agency operating on an extension is unusually reachable.,usaspending,"Replacement must be funded in FY2022 (fiscal year starts July); department budget requests are due around Feb 2021. | Records Management System: typical 84-month term, stickiness 5/5, needs ~24 months lead. | Past expiration with no successor contract in the data."
41.8,expired,National Park Service,AZ,TRIBALCO LLC,Computer-Aided Dispatch,79404,2023-11-30,2021-11-30,2023-02-01,Contract expired Nov 2023 with no newer record found. Likely extended or auto-renewed — confirm current status; an agency operating on an extension is unusually reachable.,usaspending,"Replacement must be funded in FY2024 (fiscal year starts July); department budget requests are due around Feb 2023. | Computer-Aided Dispatch: typical 84-month term, stickiness 5/5, needs ~24 months lead. | Past expiration with no successor contract in the data."
41.8,expired,National Park Service,WY,TRIBALCO LLC,Computer-Aided Dispatch,77932,2026-04-15,2024-04-15,2025-02-01,Contract expired Apr 2026 with no newer record found. Likely extended or auto-renewed — confirm current status; an agency operating on an extension is unusually reachable.,usaspending,"Replacement must be funded in FY2026 (fiscal year starts July); department budget requests are due around Feb 2025. | Computer-Aided Dispatch: typical 84-month term, stickiness 5/5, needs ~24 months lead. | Past expiration with no successor contract in the data."
41.8,expired,Department of the Army,AK,CITY OF FAIRBANKS,Computer-Aided Dispatch,77840,2021-09-17,2019-09-17,2021-02-01,Contract expired Sep 2021 with no newer record found. Likely extended or auto-renewed — confirm current status; an agency operating on an extension is unusually reachable.,usaspending,"Replacement must be funded in FY2022 (fiscal year starts July); department budget requests are due around Feb 2021. | Computer-Aided Dispatch: typical 84-month term, stickiness 5/5, needs ~24 months lead. | Past expiration with no successor contract in the data."
41.8,expired,National Park Service,CA,COMPUTER INFORMATION SYSTEMS INC,Computer-Aided Dispatch,72171,2021-10-31,2019-10-31,2021-02-01,Contract expired Oct 2021 with no newer record found. Likely extended or auto-renewed — confirm current status; an agency operating on an extension is unusually reachable.,usaspending,"3 contracts with COMPUTER INFORMATION SYSTEMS INC at this agency (Computer-Aided Dispatch) — likely one suite decision. | Replacement must be funded in FY2022 (fiscal year starts July); department budget requests are due around Feb 2021. | Computer-Aided Dispatch: typical 84-month term, stickiness 5/5, needs ~24 months lead. | Past expiration with no successor contract in the data."
41.7,unknown,ILLINOIS DEPARTMENT OF TRANSPORTATION,IL,UNAWARDED (grant-funded),Computer-Aided Dispatch,690136,-,2026-10-01,2027-02-01,"No expiration on record. File a public records request for the contract term, and engage before the Feb 2027 budget request deadline.",usaspending,No expiration date in any source for this contract.
41.6,expired,CITY OF COMMERCE,CA,UNAWARDED (grant-funded),Computer-Aided Dispatch,94398,2026-04-02,2024-04-02,2025-02-01,Contract expired Apr 2026 with no newer record found. Likely extended or auto-renewed — confirm current status; an agency operating on an extension is unusually reachable.,usaspending,"Replacement must be funded in FY2026 (fiscal year starts July); department budget requests are due around Feb 2025. | Computer-Aided Dispatch: typical 84-month term, stickiness 5/5, needs ~24 months lead. | Past expiration with no successor contract in the data."
41.2,late,Department of the Army,PA,"VERTOSOFT, LLC",Computer-Aided Dispatch,203515,2026-10-05,2024-10-05,2026-02-01,Expires Oct 2026; incumbent has likely renewed. Position for the following cycle and ask about extension terms.,usaspending,"Replacement must be funded in FY2027 (fiscal year starts July); department budget requests are due around Feb 2026. | Computer-Aided Dispatch: typical 84-month term, stickiness 5/5, needs ~24 months lead."
41.2,expired,U.S. Agency for Global Media,VA,"THUNDERCAT TECHNOLOGY, LLC",Records Management System,67360,2025-09-28,2023-09-28,2025-02-01,Contract expired Sep 2025 with no newer record found. Likely extended or auto-renewed — confirm current status; an agency operating on an extension is unusually reachable.,usaspending,"Replacement must be funded in FY2026 (fiscal year starts July); department budget requests are due around Feb 2025. | Records Management System: typical 84-month term, stickiness 5/5, needs ~24 months lead. | Past expiration with no successor contract in the data."
41.1,expired,National Park Service,WY,COMPUTER INFORMATION SYSTEMS INC,Computer-Aided Dispatch,64443,2026-01-31,2024-01-31,2025-02-01,Contract expired Jan 2026 with no newer record found. Likely extended or auto-renewed — confirm current status; an agency operating on an extension is unusually reachable.,usaspending,"Replacement must be funded in FY2026 (fiscal year starts July); department budget requests are due around Feb 2025. | Computer-Aided Dispatch: typical 84-month term, stickiness 5/5, needs ~24 months lead. | Past expiration with no successor contract in the data."
40.9,expired,National Park Service,MT,TRIBALCO LLC,Computer-Aided Dispatch,61559,2022-09-10,2020-09-10,2022-02-01,Contract expired Sep 2022 with no newer record found. Likely extended or auto-renewed — confirm current status; an agency operating on an extension is unusually reachable.,usaspending,"Replacement must be funded in FY2023 (fiscal year starts July); department budget requests are due around Feb 2022. | Computer-Aided Dispatch: typical 84-month term, stickiness 5/5, needs ~24 months lead. | Past expiration with no successor contract in the data."
40.6,expired,VALLEY REGIONAL TRANSIT,ID,UNAWARDED (grant-funded),Computer-Aided Dispatch,71046,2026-06-30,2024-06-30,2025-02-01,Contract expired Jun 2026 with no newer record found. Likely extended or auto-renewed — confirm current status; an agency operating on an extension is unusually reachable.,usaspending,"Replacement must be funded in FY2026 (fiscal year starts July); department budget requests are due around Feb 2025. | Computer-Aided Dispatch: typical 84-month term, stickiness 5/5, needs ~24 months lead. | Past expiration with no successor contract in the data."
40.4,expired,National Park Service,PA,COMPUTER INFORMATION SYSTEMS INC,Computer-Aided Dispatch,53887,2024-12-31,2022-12-31,2024-02-01,Contract expired Dec 2024 with no newer record found. Likely extended or auto-renewed — confirm current status; an agency operating on an extension is unusually reachable.,usaspending,"Replacement must be funded in FY2025 (fiscal year starts July); department budget requests are due around Feb 2024. | Computer-Aided Dispatch: typical 84-month term, stickiness 5/5, needs ~24 months lead. | Past expiration with no successor contract in the data."
40.3,expired,CITY OF HINESVILLE,GA,UNAWARDED (grant-funded),Mobile / Field Reporting,7265,2024-09-30,2023-06-30,2024-02-01,Contract expired Sep 2024 with no newer record found. Likely extended or auto-renewed — confirm current status; an agency operating on an extension is unusually reachable.,usaspending,"Replacement must be funded in FY2025 (fiscal year starts July); department budget requests are due around Feb 2024. | Mobile / Field Reporting: typical 48-month term, stickiness 3/5, needs ~15 months lead. | Past expiration with no successor contract in the data."
40.0,late,LEON COUNTY SHERIFFS OFFICE,FL,UNAWARDED (grant-funded),Computer-Aided Dispatch,182418,2026-09-30,2024-09-30,2026-02-01,Expires Sep 2026; incumbent has likely renewed. Position for the following cycle and ask about extension terms.,usaspending,"Replacement must be funded in FY2027 (fiscal year starts July); department budget requests are due around Feb 2026. | Computer-Aided Dispatch: typical 84-month term, stickiness 5/5, needs ~24 months lead."
40.0,late,CITY OF PORTLAND,ME,UNAWARDED (grant-funded),Mobile / Field Reporting,20331,2026-09-30,2025-06-30,2026-02-01,Expires Sep 2026; incumbent has likely renewed. Position for the following cycle and ask about extension terms.,usaspending,"Replacement must be funded in FY2027 (fiscal year starts July); department budget requests are due around Feb 2026. | Mobile / Field Reporting: typical 48-month term, stickiness 3/5, needs ~15 months lead."
39.3,expired,"COUNTY OF DINWIDDIE, VIRGINIA",VA,UNAWARDED (grant-funded),Mobile / Field Reporting,5460,2022-09-30,2021-06-30,2022-02-01,Contract expired Sep 2022 with no newer record found. Likely extended or auto-renewed — confirm current status; an agency operating on an extension is unusually reachable.,usaspending,"Replacement must be funded in FY2023 (fiscal year starts July); department budget requests are due around Feb 2022. | Mobile / Field Reporting: typical 48-month term, stickiness 3/5, needs ~15 months lead. | Past expiration with no successor contract in the data."
39.2,expired,COUNTY OF CHESHIRE ADMINISTRATION,NH,UNAWARDED (grant-funded),Mobile / Field Reporting,5377,2025-09-30,2024-06-30,2025-02-01,Contract expired Sep 2025 with no newer record found. Likely extended or auto-renewed — confirm current status; an agency operating on an extension is unusually reachable.,usaspending,"Replacement must be funded in FY2026 (fiscal year starts July); department budget requests are due around Feb 2025. | Mobile / Field Reporting: typical 48-month term, stickiness 3/5, needs ~15 months lead. | Past expiration with no successor contract in the data."
39.2,late,Centers for Medicare and Medicaid Services,UT,UNION5 LLC,Records Management System,114457,2026-09-21,2024-09-21,2026-02-01,Expires Sep 2026; incumbent has likely renewed. Position for the following cycle and ask about extension terms.,usaspending,"Replacement must be funded in FY2027 (fiscal year starts July); department budget requests are due around Feb 2026. | Records Management System: typical 84-month term, stickiness 5/5, needs ~24 months lead."
39.1,expired,CITY OF KALISPELL,MT,UNAWARDED (grant-funded),Mobile / Field Reporting,5211,2020-09-30,2019-06-30,2020-02-01,Contract expired Sep 2020 with no newer record found. Likely extended or auto-renewed — confirm current status; an agency operating on an extension is unusually reachable.,usaspending,"Replacement must be funded in FY2021 (fiscal year starts July); department budget requests are due around Feb 2020. | Mobile / Field Reporting: typical 48-month term, stickiness 3/5, needs ~15 months lead. | Past expiration with no successor contract in the data."
38.7,expired,Department of Veterans Affairs,PA,"ALL TRAFFIC SOLUTIONS, INC.",Mobile / Field Reporting,3697,2025-12-31,2024-09-30,2025-02-01,Contract expired Dec 2025 with no newer record found. Likely extended or auto-renewed — confirm current status; an agency operating on an extension is unusually reachable.,usaspending,"Replacement must be funded in FY2026 (fiscal year starts July); department budget requests are due around Feb 2025. | Mobile / Field Reporting: typical 48-month term, stickiness 3/5, needs ~15 months lead. | Past expiration with no successor contract in the data."
38.0,expired,"Offices, Boards and Divisions",PA,TECHNIARTS ENGINEERING LLC,Records Management System,27305,2023-09-20,2021-09-20,2023-02-01,Contract expired Sep 2023 with no newer record found. Likely extended or auto-renewed — confirm current status; an agency operating on an extension is unusually reachable.,usaspending,"Replacement must be funded in FY2024 (fiscal year starts July); department budget requests are due around Feb 2023. | Records Management System: typical 84-month term, stickiness 5/5, needs ~24 months lead. | Past expiration with no successor contract in the data."
37.4,late,CITY OF BLOOMINGTON,IL,UNAWARDED (grant-funded),Mobile / Field Reporting,9842,2026-09-30,2025-06-30,2026-02-01,Expires Sep 2026; incumbent has likely renewed. Position for the following cycle and ask about extension terms.,usaspending,"Replacement must be funded in FY2027 (fiscal year starts July); department budget requests are due around Feb 2026. | Mobile / Field Reporting: typical 48-month term, stickiness 3/5, needs ~15 months lead."
37.3,expired,Department of Veterans Affairs,PA,COUNTY OF LEBANON,Mobile / Field Reporting,2463,2025-12-31,2024-09-30,2025-02-01,Contract expired Dec 2025 with no newer record found. Likely extended or auto-renewed — confirm current status; an agency operating on an extension is unusually reachable.,usaspending,"Replacement must be funded in FY2026 (fiscal year starts July); department budget requests are due around Feb 2025. | Mobile / Field Reporting: typical 48-month term, stickiness 3/5, needs ~15 months lead. | Past expiration with no successor contract in the data."
36.9,expired,Departmental Offices,VA,MANUFACTURING AUTOMATION & SOFTWARE SYSTEMS INC,Records Management System,20440,2016-03-09,2014-03-09,2015-02-01,Contract expired Mar 2016 with no newer record found. Likely extended or auto-renewed — confirm current status; an agency operating on an extension is unusually reachable.,usaspending,"Replacement must be funded in FY2016 (fiscal year starts July); department budget requests are due around Feb 2015. | Records Management System: typical 84-month term, stickiness 5/5, needs ~24 months lead. | Past expiration with no successor contract in the data."
36.6,late,Department of the Air Force,MD,"MEDICAL PRIORITY CONSULTANTS, INC.",Computer-Aided Dispatch,56024,2026-09-17,2024-09-17,2026-02-01,Expires Sep 2026; incumbent has likely renewed. Position for the following cycle and ask about extension terms.,usaspending,"Replacement must be funded in FY2027 (fiscal year starts July); department budget requests are due around Feb 2026. | Computer-Aided Dispatch: typical 84-month term, stickiness 5/5, needs ~24 months lead."
36.5,expired,National Park Service,VA,COMPUTER INFORMATION SYSTEMS INC,Computer-Aided Dispatch,18417,2026-08-16,2024-08-16,2026-02-01,Contract expired Aug 2026 with no newer record found. Likely extended or auto-renewed — confirm current status; an agency operating on an extension is unusually reachable.,usaspending,"Replacement must be funded in FY2027 (fiscal year starts July); department budget requests are due around Feb 2026. | Computer-Aided Dispatch: typical 84-month term, stickiness 5/5, needs ~24 months lead. | Past expiration with no successor contract in the data."
36.5,expired,National Park Service,MD,TRIBALCO LLC,Computer-Aided Dispatch,18413,2024-08-13,2022-08-13,2024-02-01,Contract expired Aug 2024 with no newer record found. Likely extended or auto-renewed — confirm current status; an agency operating on an extension is unusually reachable.,usaspending,"Replacement must be funded in FY2025 (fiscal year starts July); department budget requests are due around Feb 2024. | Computer-Aided Dispatch: typical 84-month term, stickiness 5/5, needs ~24 months lead. | Past expiration with no successor contract in the data."
36.3,expired,National Park Service,WA,TRIBALCO LLC,Computer-Aided Dispatch,17283,2022-06-30,2020-06-30,2021-02-01,Contract expired Jun 2022 with no newer record found. Likely extended or auto-renewed — confirm current status; an agency operating on an extension is unusually reachable.,usaspending,"Replacement must be funded in FY2022 (fiscal year starts July); department budget requests are due around Feb 2021. | Computer-Aided Dispatch: typical 84-month term, stickiness 5/5, needs ~24 months lead. | Past expiration with no successor contract in the data."
36.3,expired,U.S. Customs and Border Protection,OH,GOVERNMENT ACQUISITIONS INC,Computer-Aided Dispatch,17139,2026-09-01,2024-09-01,2026-02-01,Contract expired Sep 2026 with no newer record found. Likely extended or auto-renewed — confirm current status; an agency operating on an extension is unusually reachable.,usaspending,"Replacement must be funded in FY2027 (fiscal year starts July); department budget requests are due around Feb 2026. | Computer-Aided Dispatch: typical 84-month term, stickiness 5/5, needs ~24 months lead. | Past expiration with no successor contract in the data."
36.2,expired,LOGAN COUNTY COMMISSION,WV,UNAWARDED (grant-funded),Records Management System,20966,2024-09-30,2022-09-30,2024-02-01,Contract expired Sep 2024 with no newer record found. Likely extended or auto-renewed — confirm current status; an agency operating on an extension is unusually reachable.,usaspending,"2 contracts with UNAWARDED (grant-funded) at this agency (Records Management System) — likely one suite decision. | Replacement must be funded in FY2025 (fiscal year starts July); department budget requests are due around Feb 2024. | Records Management System: typical 84-month term, stickiness 5/5, needs ~24 months lead. | Past expiration with no successor contract in the data."
36.1,expired,National Park Service,IL,COMPUTER INFORMATION SYSTEMS INC,Computer-Aided Dispatch,16250,2026-08-15,2024-08-15,2026-02-01,Contract expired Aug 2026 with no newer record found. Likely extended or auto-renewed — confirm current status; an agency operating on an extension is unusually reachable.,usaspending,"Replacement must be funded in FY2027 (fiscal year starts July); department budget requests are due around Feb 2026. | Computer-Aided Dispatch: typical 84-month term, stickiness 5/5, needs ~24 months lead. | Past expiration with no successor contract in the data."
36.1,too_early,HILLSBOROUGH TRANSIT AUTHORITY,FL,UNAWARDED (grant-funded),Computer-Aided Dispatch,1409302,2032-03-30,2030-03-30,2031-02-01,"Hold until Mar 2030, then open the relationship ahead of the Feb 2031 budget request.",usaspending,"Replacement must be funded in FY2032 (fiscal year starts July); department budget requests are due around Feb 2031. | Computer-Aided Dispatch: typical 84-month term, stickiness 5/5, needs ~24 months lead."
35.6,expired,Departmental Offices,KS,ZASIO ENTERPRISES INC,Records Management System,14013,2023-10-31,2021-10-31,2023-02-01,Contract expired Oct 2023 with no newer record found. Likely extended or auto-renewed — confirm current status; an agency operating on an extension is unusually reachable.,usaspending,"Replacement must be funded in FY2024 (fiscal year starts July); department budget requests are due around Feb 2023. | Records Management System: typical 84-month term, stickiness 5/5, needs ~24 months lead. | Past expiration with no successor contract in the data."
35.3,expired,Department of the Army,CA,CentralSquare Technologies,Computer-Aided Dispatch,11250,2022-01-21,2020-01-21,2021-02-01,Contract expired Jan 2022 with no newer record found. Likely extended or auto-renewed — confirm current status; an agency operating on an extension is unusually reachable.,usaspending,"Replacement must be funded in FY2022 (fiscal year starts July); department budget requests are due around Feb 2021. | Computer-Aided Dispatch: typical 84-month term, stickiness 5/5, needs ~24 months lead. | Past expiration with no successor contract in the data."
34.7,expired,Department of the Army,CA,E-9 CORPORATION,Computer-Aided Dispatch,10917,2018-09-19,2016-09-19,2018-02-01,Contract expired Sep 2018 with no newer record found. Likely extended or auto-renewed — confirm current status; an agency operating on an extension is unusually reachable.,usaspending,"Replacement must be funded in FY2019 (fiscal year starts July); department budget requests are due around Feb 2018. | Computer-Aided Dispatch: typical 84-month term, stickiness 5/5, needs ~24 months lead. | Past expiration with no successor contract in the data."
33.9,expired,"TRANSPORTATION, DELAWARE DEPARTMENT OF",DE,UNAWARDED (grant-funded),Computer-Aided Dispatch,,2015-09-30,2013-09-30,2015-02-01,Contract expired Sep 2015 with no newer record found. Likely extended or auto-renewed — confirm current status; an agency operating on an extension is unusually reachable.,usaspending,"Replacement must be funded in FY2016 (fiscal year starts July); department budget requests are due around Feb 2015. | Computer-Aided Dispatch: typical 84-month term, stickiness 5/5, needs ~24 months lead. | Past expiration with no successor contract in the data."
33.9,expired,National Aeronautics and Space Administration,VA,Tyler Technologies,Records Management System,7809,2026-06-30,2024-06-30,2025-02-01,Contract expired Jun 2026 with no newer record found. Likely extended or auto-renewed — confirm current status; an agency operating on an extension is unusually reachable.,usaspending,"Replacement must be funded in FY2026 (fiscal year starts July); department budget requests are due around Feb 2025. | Records Management System: typical 84-month term, stickiness 5/5, needs ~24 months lead. | Past expiration with no successor contract in the data."
33.2,expired,THE CITY-COUNTY OF BUTTE SILVER BOW,MT,UNAWARDED (grant-funded),Records Management System,9277,2024-09-30,2022-09-30,2024-02-01,Contract expired Sep 2024 with no newer record found. Likely extended or auto-renewed — confirm current status; an agency operating on an extension is unusually reachable.,usaspending,"Replacement must be funded in FY2025 (fiscal year starts July); department budget requests are due around Feb 2024. | Records Management System: typical 84-month term, stickiness 5/5, needs ~24 months lead. | Past expiration with no successor contract in the data."
31.7,expired,CITY OF NEWARK,OH,UNAWARDED (grant-funded),Computer-Aided Dispatch,6076,2025-09-30,2023-09-30,2025-02-01,Contract expired Sep 2025 with no newer record found. Likely extended or auto-renewed — confirm current status; an agency operating on an extension is unusually reachable.,usaspending,"Replacement must be funded in FY2026 (fiscal year starts July); department budget requests are due around Feb 2025. | Computer-Aided Dispatch: typical 84-month term, stickiness 5/5, needs ~24 months lead. | Past expiration with no successor contract in the data."
31.2,too_early,CHARLESTON COUNTY,SC,UNAWARDED (grant-funded),Computer-Aided Dispatch,258523,2031-05-07,2029-05-07,2030-02-01,"Hold until May 2029, then open the relationship ahead of the Feb 2030 budget request.",usaspending,"Replacement must be funded in FY2031 (fiscal year starts July); department budget requests are due around Feb 2030. | Computer-Aided Dispatch: typical 84-month term, stickiness 5/5, needs ~24 months lead."
29.5,late,CITY OF BETHLEHEM,PA,UNAWARDED (grant-funded),Records Management System,10115,2026-09-30,2024-09-30,2026-02-01,Expires Sep 2026; incumbent has likely renewed. Position for the following cycle and ask about extension terms.,usaspending,"Replacement must be funded in FY2027 (fiscal year starts July); department budget requests are due around Feb 2026. | Records Management System: typical 84-month term, stickiness 5/5, needs ~24 months lead."
28.1,late,CITY OF NORWICH,CT,UNAWARDED (grant-funded),Records Management System,6828,2026-09-30,2024-09-30,2026-02-01,Expires Sep 2026; incumbent has likely renewed. Position for the following cycle and ask about extension terms.,usaspending,"Replacement must be funded in FY2027 (fiscal year starts July); department budget requests are due around Feb 2026. | Records Management System: typical 84-month term, stickiness 5/5, needs ~24 months lead."
